{
    "componentConfigs": [
        {
            "id": "4191a60e-ccbe-0185-d650-e7636e023c95",
            "folder": "",
            "name": "",
            "dependencies": [],
            "type": "IoTHub"
        },
        {
            "id": "d6904d0e-333a-3e4f-2302-3d8b3f425039",
            "folder": "Functions",
            "name": "",
            "dependencies": [
                {
                    "id": "4191a60e-ccbe-0185-d650-e7636e023c95",
                    "type": 1
                }
            ],
            "type": "AzureFunctions",
            "componentInfo": {
                "values": {
                    "functionLanguage": "C#"
                }
            }
        }
    ]
}