{
    "componentConfigs": [
        {
            "id": "f3599c85-92f8-0dbb-cac3-ca9b17512d1f",
            "folder": "",
            "name": "",
            "dependencies": [],
            "type": "IoTHub",
            "componentInfo": {
                "values": {
                    "iotHubConnectionString": "HostName=iothub-gbbae.azure-devices.net;SharedAccessKeyName=iothubowner;SharedAccessKey=3daXc4SRG9AQIJXuMahu4EarCoAU7MEZ7lHq98JXPCs=",
                    "eventHubConnectionString": "Endpoint=sb://iothub-ns-iothub-gbb-2522948-c287683a58.servicebus.windows.net/;SharedAccessKeyName=iothubowner;SharedAccessKey=3daXc4SRG9AQIJXuMahu4EarCoAU7MEZ7lHq98JXPCs=",
                    "eventHubConnectionPath": "iothub-gbbae"
                }
            }
        }
    ]
}